motif	motif_alt_id	sequence_name	start	stop	strand	score	p-value	q-value	matched_sequence
GCTT	NA	PBANKA_1246600	32	35	-	8.81443	0.00164	0.776	GCTT
GCTT	NA	PBANKA_1146600	33	36	-	8.81443	0.00164	0.776	GCTT
GCTT	NA	PBANKA_1300096	34	37	-	8.81443	0.00164	0.776	GCTT
GCTT	NA	PBANKA_0722200	37	40	-	8.81443	0.00164	0.776	GCTT
GCTT	NA	PBANKA_0100021	43	46	-	8.81443	0.00164	0.776	GCTT
GCTT	NA	PBANKA_0800041	53	56	-	8.81443	0.00164	0.776	GCTT
GCTT	NA	PBANKA_1365680	74	77	-	8.81443	0.00164	0.776	GCTT
GCTT	NA	PBANKA_0216000	75	78	-	8.81443	0.00164	0.776	GCTT
GCTT	NA	PBANKA_0944041	148	151	-	8.81443	0.00164	0.776	GCTT
GCTT	NA	PBANKA_0200600	161	164	-	8.81443	0.00164	0.776	GCTT
GCTT	NA	PBANKA_0700041	210	213	-	8.81443	0.00164	0.776	GCTT
GCTT	NA	PBANKA_1400400	253	256	-	8.81443	0.00164	0.776	GCTT
GCTT	NA	PBANKA_0722600	256	259	-	8.81443	0.00164	0.776	GCTT
GCTT	NA	PBANKA_1200300	272	275	-	8.81443	0.00164	0.776	GCTT
GCTT	NA	PBANKA_0722200	298	301	-	8.81443	0.00164	0.776	GCTT
GCTT	NA	PBANKA_1100441	299	302	-	8.81443	0.00164	0.776	GCTT
GCTT	NA	PBANKA_1146761	304	307	-	8.81443	0.00164	0.776	GCTT
GCTT	NA	PBANKA_0722200	334	337	-	8.81443	0.00164	0.776	GCTT
GCTT	NA	PBANKA_0700041	356	359	-	8.81443	0.00164	0.776	GCTT
GCTT	NA	PBANKA_1040561	379	382	-	8.81443	0.00164	0.776	GCTT
GCTT	NA	PBANKA_0600091	386	389	-	8.81443	0.00164	0.776	GCTT
GCTT	NA	PBANKA_1365680	405	408	-	8.81443	0.00164	0.776	GCTT
GCTT	NA	PBANKA_1300200	411	414	-	8.81443	0.00164	0.776	GCTT
GCTT	NA	PBANKA_0944061	423	426	-	8.81443	0.00164	0.776	GCTT
GCTT	NA	PBANKA_1040561	451	454	-	8.81443	0.00164	0.776	GCTT
GCTT	NA	PBANKA_1200300	460	463	-	8.81443	0.00164	0.776	GCTT
GCTT	NA	PBANKA_0112661	461	464	-	8.81443	0.00164	0.776	GCTT
GCTT	NA	PBANKA_0100021	491	494	-	8.81443	0.00164	0.776	GCTT
GCTT	NA	PBANKA_1136700	493	496	-	8.81443	0.00164	0.776	GCTT
GCTT	NA	PBANKA_0317121	502	505	-	8.81443	0.00164	0.776	GCTT
GCTT	NA	PBANKA_0944061	508	511	-	8.81443	0.00164	0.776	GCTT
GCTT	NA	PBANKA_0944041	508	511	-	8.81443	0.00164	0.776	GCTT
GCTT	NA	PBANKA_1246600	525	528	-	8.81443	0.00164	0.776	GCTT
GCTT	NA	PBANKA_1300096	526	529	-	8.81443	0.00164	0.776	GCTT
GCTT	NA	PBANKA_1300200	529	532	-	8.81443	0.00164	0.776	GCTT
GCTT	NA	PBANKA_1146600	529	532	-	8.81443	0.00164	0.776	GCTT
GCTT	NA	PBANKA_1200300	541	544	-	8.81443	0.00164	0.776	GCTT
GCTT	NA	PBANKA_0722200	559	562	-	8.81443	0.00164	0.776	GCTT
GCTT	NA	PBANKA_1400400	579	582	-	8.81443	0.00164	0.776	GCTT
GCTT	NA	PBANKA_0722600	584	587	-	8.81443	0.00164	0.776	GCTT
GCTT	NA	PBANKA_1365680	613	616	-	8.81443	0.00164	0.776	GCTT
GCTT	NA	PBANKA_0600091	615	618	-	8.81443	0.00164	0.776	GCTT
GCTT	NA	PBANKA_1040561	632	635	-	8.81443	0.00164	0.776	GCTT
GCTT	NA	PBANKA_0215800	643	646	-	8.81443	0.00164	0.776	GCTT
GCTT	NA	PBANKA_0837001	643	646	-	8.81443	0.00164	0.776	GCTT
GCTT	NA	PBANKA_1146721	647	650	-	8.81443	0.00164	0.776	GCTT
GCTT	NA	PBANKA_1300081	648	651	-	8.81443	0.00164	0.776	GCTT
GCTT	NA	PBANKA_0112661	650	653	-	8.81443	0.00164	0.776	GCTT
GCTT	NA	PBANKA_0317161	661	664	-	8.81443	0.00164	0.776	GCTT
GCTT	NA	PBANKA_1465100	665	668	-	8.81443	0.00164	0.776	GCTT
GCTT	NA	PBANKA_1146400	670	673	-	8.81443	0.00164	0.776	GCTT
GCTT	NA	PBANKA_1200300	674	677	-	8.81443	0.00164	0.776	GCTT
GCTT	NA	PBANKA_0837081	684	687	-	8.81443	0.00164	0.776	GCTT
GCTT	NA	PBANKA_0400200	703	706	-	8.81443	0.00164	0.776	GCTT
GCTT	NA	PBANKA_0722700	711	714	-	8.81443	0.00164	0.776	GCTT
GCTT	NA	PBANKA_0837081	725	728	-	8.81443	0.00164	0.776	GCTT
GCTT	NA	PBANKA_0944061	728	731	-	8.81443	0.00164	0.776	GCTT
GCTT	NA	PBANKA_1040561	758	761	-	8.81443	0.00164	0.776	GCTT
GCTT	NA	PBANKA_0317001	761	764	-	8.81443	0.00164	0.776	GCTT
GCTT	NA	PBANKA_0100021	826	829	-	8.81443	0.00164	0.776	GCTT
GCTT	NA	PBANKA_1300200	829	832	-	8.81443	0.00164	0.776	GCTT
GCTT	NA	PBANKA_1200091	832	835	-	8.81443	0.00164	0.776	GCTT
GCTT	NA	PBANKA_0317121	839	842	-	8.81443	0.00164	0.776	GCTT
GCTT	NA	PBANKA_1136700	851	854	-	8.81443	0.00164	0.776	GCTT
GCTT	NA	PBANKA_0800041	875	878	-	8.81443	0.00164	0.776	GCTT
GCTT	NA	PBANKA_1300200	880	883	-	8.81443	0.00164	0.776	GCTT
GCTT	NA	PBANKA_1465100	951	954	-	8.81443	0.00164	0.776	GCTT
GCTT	NA	PBANKA_0112661	952	955	-	8.81443	0.00164	0.776	GCTT
GCTT	NA	PBANKA_1200300	962	965	-	8.81443	0.00164	0.776	GCTT
GCTT	NA	PBANKA_0100021	988	991	-	8.81443	0.00164	0.776	GCTT
GCTT	NA	PBANKA_1246600	1113	1116	-	8.81443	0.00164	0.776	GCTT
GCTT	NA	PBANKA_1400400	1114	1117	-	8.81443	0.00164	0.776	GCTT
GCTT	NA	PBANKA_1300096	1114	1117	-	8.81443	0.00164	0.776	GCTT
GCTT	NA	PBANKA_1040521	1114	1117	-	8.81443	0.00164	0.776	GCTT
GCTT	NA	PBANKA_1300200	1114	1117	-	8.81443	0.00164	0.776	GCTT
GCTT	NA	PBANKA_0722600	1117	1120	-	8.81443	0.00164	0.776	GCTT
GCTT	NA	PBANKA_1100441	1119	1122	-	8.81443	0.00164	0.776	GCTT
GCTT	NA	PBANKA_0500950	1122	1125	-	8.81443	0.00164	0.776	GCTT
GCTT	NA	PBANKA_1146721	1124	1127	-	8.81443	0.00164	0.776	GCTT
GCTT	NA	PBANKA_1300081	1124	1127	-	8.81443	0.00164	0.776	GCTT
GCTT	NA	PBANKA_1465100	1129	1132	-	8.81443	0.00164	0.776	GCTT
GCTT	NA	PBANKA_0837081	1132	1135	-	8.81443	0.00164	0.776	GCTT
GCTT	NA	PBANKA_0317061	1144	1147	-	8.81443	0.00164	0.776	GCTT
GCTT	NA	PBANKA_0944061	1149	1152	-	8.81443	0.00164	0.776	GCTT
GCTT	NA	PBANKA_0944041	1170	1173	-	8.81443	0.00164	0.776	GCTT
GCTT	NA	PBANKA_1300096	1200	1203	-	8.81443	0.00164	0.776	GCTT
GCTT	NA	PBANKA_0317121	1219	1222	-	8.81443	0.00164	0.776	GCTT
GCTT	NA	PBANKA_0317061	1229	1232	-	8.81443	0.00164	0.776	GCTT
GCTT	NA	PBANKA_0200600	1246	1249	-	8.81443	0.00164	0.776	GCTT
GCTT	NA	PBANKA_0317141	1246	1249	-	8.81443	0.00164	0.776	GCTT
GCTT	NA	PBANKA_0722200	1257	1260	-	8.81443	0.00164	0.776	GCTT
GCTT	NA	PBANKA_1200300	1260	1263	-	8.81443	0.00164	0.776	GCTT
GCTT	NA	PBANKA_0837001	1261	1264	-	8.81443	0.00164	0.776	GCTT
GCTT	NA	PBANKA_0722600	1268	1271	-	8.81443	0.00164	0.776	GCTT
GCTT	NA	PBANKA_0837081	1269	1272	-	8.81443	0.00164	0.776	GCTT
GCTT	NA	PBANKA_1365680	1272	1275	-	8.81443	0.00164	0.776	GCTT
GCTT	NA	PBANKA_0600091	1272	1275	-	8.81443	0.00164	0.776	GCTT
GCTT	NA	PBANKA_0836800	1282	1285	-	8.81443	0.00164	0.776	GCTT
GCTT	NA	PBANKA_0100021	1286	1289	-	8.81443	0.00164	0.776	GCTT
GCTT	NA	PBANKA_0400200	1292	1295	-	8.81443	0.00164	0.776	GCTT
GCTT	NA	PBANKA_0100021	1296	1299	-	8.81443	0.00164	0.776	GCTT
GCTT	NA	PBANKA_1146721	1301	1304	-	8.81443	0.00164	0.776	GCTT
GCTT	NA	PBANKA_1300081	1301	1304	-	8.81443	0.00164	0.776	GCTT
GCTT	NA	PBANKA_1146400	1301	1304	-	8.81443	0.00164	0.776	GCTT
GCTT	NA	PBANKA_0200600	1318	1321	-	8.81443	0.00164	0.776	GCTT
GCTT	NA	PBANKA_0317141	1318	1321	-	8.81443	0.00164	0.776	GCTT
GCTT	NA	PBANKA_0836800	1350	1353	-	8.81443	0.00164	0.776	GCTT
GCTT	NA	PBANKA_0943900	1407	1410	-	8.81443	0.00164	0.776	GCTT
GCTT	NA	PBANKA_1146721	1414	1417	-	8.81443	0.00164	0.776	GCTT
GCTT	NA	PBANKA_1300081	1414	1417	-	8.81443	0.00164	0.776	GCTT
GCTT	NA	PBANKA_0700041	1434	1437	-	8.81443	0.00164	0.776	GCTT
GCTT	NA	PBANKA_1365680	1442	1445	-	8.81443	0.00164	0.776	GCTT
GCTT	NA	PBANKA_0600091	1442	1445	-	8.81443	0.00164	0.776	GCTT
GACT	NA	PBANKA_0317141	6	9	-	8.74227	0.00164	1	GACT
GACT	NA	PBANKA_1200091	14	17	-	8.74227	0.00164	1	GACT
GACT	NA	PBANKA_0722600	16	19	-	8.74227	0.00164	1	GACT
GACT	NA	PBANKA_1400400	30	33	-	8.74227	0.00164	1	GACT
GACT	NA	PBANKA_0500950	83	86	+	8.74227	0.00164	1	GACT
GACT	NA	PBANKA_0112661	83	86	-	8.74227	0.00164	1	GACT
GACT	NA	PBANKA_0722700	93	96	+	8.74227	0.00164	1	GACT
GACT	NA	PBANKA_0837081	105	108	+	8.74227	0.00164	1	GACT
GACT	NA	PBANKA_1465100	110	113	-	8.74227	0.00164	1	GACT
GACT	NA	PBANKA_0600091	112	115	-	8.74227	0.00164	1	GACT
GACT	NA	PBANKA_0215800	118	121	+	8.74227	0.00164	1	GACT
GACT	NA	PBANKA_0722600	149	152	-	8.74227	0.00164	1	GACT
GACT	NA	PBANKA_1200091	164	167	-	8.74227	0.00164	1	GACT
GACT	NA	PBANKA_0317161	184	187	+	8.74227	0.00164	1	GACT
GACT	NA	PBANKA_0317161	192	195	-	8.74227	0.00164	1	GACT
GACT	NA	PBANKA_0317161	199	202	+	8.74227	0.00164	1	GACT
GACT	NA	PBANKA_0100021	208	211	-	8.74227	0.00164	1	GACT
GACT	NA	PBANKA_1200091	211	214	+	8.74227	0.00164	1	GACT
GACT	NA	PBANKA_0216000	215	218	-	8.74227	0.00164	1	GACT
GACT	NA	PBANKA_1465100	245	248	+	8.74227	0.00164	1	GACT
GACT	NA	PBANKA_0836800	264	267	+	8.74227	0.00164	1	GACT
GACT	NA	PBANKA_1040521	263	266	-	8.74227	0.00164	1	GACT
GACT	NA	PBANKA_1146721	271	274	+	8.74227	0.00164	1	GACT
GACT	NA	PBANKA_1300081	272	275	+	8.74227	0.00164	1	GACT
GACT	NA	PBANKA_0837001	273	276	+	8.74227	0.00164	1	GACT
GACT	NA	PBANKA_0112661	291	294	+	8.74227	0.00164	1	GACT
GACT	NA	PBANKA_1246600	293	296	-	8.74227	0.00164	1	GACT
GACT	NA	PBANKA_0500950	296	299	+	8.74227	0.00164	1	GACT
GACT	NA	PBANKA_0722700	300	303	+	8.74227	0.00164	1	GACT
GACT	NA	PBANKA_1300096	299	302	-	8.74227	0.00164	1	GACT
GACT	NA	PBANKA_0400200	302	305	-	8.74227	0.00164	1	GACT
GACT	NA	PBANKA_1146400	302	305	-	8.74227	0.00164	1	GACT
GACT	NA	PBANKA_0837081	321	324	+	8.74227	0.00164	1	GACT
GACT	NA	PBANKA_1040561	360	363	+	8.74227	0.00164	1	GACT
GACT	NA	PBANKA_0300500	407	410	+	8.74227	0.00164	1	GACT
GACT	NA	PBANKA_1040521	444	447	+	8.74227	0.00164	1	GACT
GACT	NA	PBANKA_1040521	465	468	-	8.74227	0.00164	1	GACT
GACT	NA	PBANKA_1300200	470	473	-	8.74227	0.00164	1	GACT
GACT	NA	PBANKA_1246600	474	477	+	8.74227	0.00164	1	GACT
GACT	NA	PBANKA_1300096	475	478	+	8.74227	0.00164	1	GACT
GACT	NA	PBANKA_1146600	478	481	+	8.74227	0.00164	1	GACT
GACT	NA	PBANKA_1100441	481	484	+	8.74227	0.00164	1	GACT
GACT	NA	PBANKA_1246600	495	498	-	8.74227	0.00164	1	GACT
GACT	NA	PBANKA_1300096	496	499	-	8.74227	0.00164	1	GACT
GACT	NA	PBANKA_1146600	499	502	-	8.74227	0.00164	1	GACT
GACT	NA	PBANKA_1100441	502	505	-	8.74227	0.00164	1	GACT
GACT	NA	PBANKA_0112661	529	532	+	8.74227	0.00164	1	GACT
GACT	NA	PBANKA_1365680	545	548	+	8.74227	0.00164	1	GACT
GACT	NA	PBANKA_1040521	567	570	+	8.74227	0.00164	1	GACT
GACT	NA	PBANKA_1246600	597	600	+	8.74227	0.00164	1	GACT
GACT	NA	PBANKA_1300096	598	601	+	8.74227	0.00164	1	GACT
GACT	NA	PBANKA_1146600	601	604	+	8.74227	0.00164	1	GACT
GACT	NA	PBANKA_1100441	604	607	+	8.74227	0.00164	1	GACT
GACT	NA	PBANKA_1136700	621	624	-	8.74227	0.00164	1	GACT
GACT	NA	PBANKA_1465100	622	625	-	8.74227	0.00164	1	GACT
GACT	NA	PBANKA_0837001	634	637	+	8.74227	0.00164	1	GACT
GACT	NA	PBANKA_0317121	634	637	+	8.74227	0.00164	1	GACT
GACT	NA	PBANKA_1200300	665	668	+	8.74227	0.00164	1	GACT
GACT	NA	PBANKA_0944041	685	688	-	8.74227	0.00164	1	GACT
GACT	NA	PBANKA_1040561	695	698	+	8.74227	0.00164	1	GACT
GACT	NA	PBANKA_1246600	692	695	-	8.74227	0.00164	1	GACT
GACT	NA	PBANKA_0944061	719	722	+	8.74227	0.00164	1	GACT
GACT	NA	PBANKA_0700041	759	762	+	8.74227	0.00164	1	GACT
GACT	NA	PBANKA_0400200	826	829	-	8.74227	0.00164	1	GACT
GACT	NA	PBANKA_1146400	836	839	+	8.74227	0.00164	1	GACT
GACT	NA	PBANKA_0300500	871	874	+	8.74227	0.00164	1	GACT
GACT	NA	PBANKA_1465100	886	889	-	8.74227	0.00164	1	GACT
GACT	NA	PBANKA_0837001	893	896	-	8.74227	0.00164	1	GACT
GACT	NA	PBANKA_0800041	895	898	-	8.74227	0.00164	1	GACT
GACT	NA	PBANKA_0722200	931	934	-	8.74227	0.00164	1	GACT
GACT	NA	PBANKA_1200300	936	939	-	8.74227	0.00164	1	GACT
GACT	NA	PBANKA_1136700	1010	1013	+	8.74227	0.00164	1	GACT
GACT	NA	PBANKA_0722700	1023	1026	+	8.74227	0.00164	1	GACT
GACT	NA	PBANKA_1136700	1024	1027	-	8.74227	0.00164	1	GACT
GACT	NA	PBANKA_0112661	1077	1080	+	8.74227	0.00164	1	GACT
GACT	NA	PBANKA_1465100	1097	1100	-	8.74227	0.00164	1	GACT
GACT	NA	PBANKA_0200600	1118	1121	+	8.74227	0.00164	1	GACT
GACT	NA	PBANKA_0317141	1118	1121	+	8.74227	0.00164	1	GACT
GACT	NA	PBANKA_0600091	1117	1120	-	8.74227	0.00164	1	GACT
GACT	NA	PBANKA_1365680	1117	1120	-	8.74227	0.00164	1	GACT
GACT	NA	PBANKA_1146600	1118	1121	-	8.74227	0.00164	1	GACT
GACT	NA	PBANKA_1300200	1199	1202	-	8.74227	0.00164	1	GACT
GACT	NA	PBANKA_0400200	1212	1215	+	8.74227	0.00164	1	GACT
GACT	NA	PBANKA_0200500	1210	1213	-	8.74227	0.00164	1	GACT
GACT	NA	PBANKA_0317161	1279	1282	-	8.74227	0.00164	1	GACT
GACT	NA	PBANKA_0800041	1435	1438	-	8.74227	0.00164	1	GACT
GACT	NA	PBANKA_0317161	1490	1493	+	8.74227	0.00164	1	GACT
GCTT	NA	PBANKA_0112661	21	24	+	8.81443	0.00164	0.776	GCTT
GCTT	NA	PBANKA_0944061	41	44	+	8.81443	0.00164	0.776	GCTT
GCTT	NA	PBANKA_1146761	105	108	+	8.81443	0.00164	0.776	GCTT
GCTT	NA	PBANKA_0317121	120	123	+	8.81443	0.00164	0.776	GCTT
GCTT	NA	PBANKA_1146761	159	162	+	8.81443	0.00164	0.776	GCTT
GCTT	NA	PBANKA_0100021	183	186	+	8.81443	0.00164	0.776	GCTT
GCTT	NA	PBANKA_0700041	212	215	+	8.81443	0.00164	0.776	GCTT
GCTT	NA	PBANKA_1136700	215	218	+	8.81443	0.00164	0.776	GCTT
GCTT	NA	PBANKA_0722200	300	303	+	8.81443	0.00164	0.776	GCTT
GCTT	NA	PBANKA_0500950	353	356	+	8.81443	0.00164	0.776	GCTT
GCTT	NA	PBANKA_0722700	360	363	+	8.81443	0.00164	0.776	GCTT
GCTT	NA	PBANKA_1040521	363	366	+	8.81443	0.00164	0.776	GCTT
GCTT	NA	PBANKA_0216000	385	388	+	8.81443	0.00164	0.776	GCTT
GCTT	NA	PBANKA_1246600	393	396	+	8.81443	0.00164	0.776	GCTT
GCTT	NA	PBANKA_1300096	394	397	+	8.81443	0.00164	0.776	GCTT
GCTT	NA	PBANKA_1146600	397	400	+	8.81443	0.00164	0.776	GCTT
GCTT	NA	PBANKA_0943900	400	403	+	8.81443	0.00164	0.776	GCTT
GCTT	NA	PBANKA_1100441	400	403	+	8.81443	0.00164	0.776	GCTT
GCTT	NA	PBANKA_1300200	413	416	+	8.81443	0.00164	0.776	GCTT
GCTT	NA	PBANKA_0215800	443	446	+	8.81443	0.00164	0.776	GCTT
GCTT	NA	PBANKA_1200091	453	456	+	8.81443	0.00164	0.776	GCTT
GCTT	NA	PBANKA_0722600	461	464	+	8.81443	0.00164	0.776	GCTT
GCTT	NA	PBANKA_0100021	493	496	+	8.81443	0.00164	0.776	GCTT
GCTT	NA	PBANKA_0317121	504	507	+	8.81443	0.00164	0.776	GCTT
GCTT	NA	PBANKA_0200600	509	512	+	8.81443	0.00164	0.776	GCTT
GCTT	NA	PBANKA_0216000	514	517	+	8.81443	0.00164	0.776	GCTT
GCTT	NA	PBANKA_1200091	517	520	+	8.81443	0.00164	0.776	GCTT
GCTT	NA	PBANKA_0216000	522	525	+	8.81443	0.00164	0.776	GCTT
GCTT	NA	PBANKA_0943900	530	533	+	8.81443	0.00164	0.776	GCTT
GCTT	NA	PBANKA_0837001	537	540	+	8.81443	0.00164	0.776	GCTT
GCTT	NA	PBANKA_1136700	571	574	+	8.81443	0.00164	0.776	GCTT
GCTT	NA	PBANKA_1400400	583	586	+	8.81443	0.00164	0.776	GCTT
GCTT	NA	PBANKA_0722600	588	591	+	8.81443	0.00164	0.776	GCTT
GCTT	NA	PBANKA_0317061	592	595	+	8.81443	0.00164	0.776	GCTT
GCTT	NA	PBANKA_0600091	622	625	+	8.81443	0.00164	0.776	GCTT
GCTT	NA	PBANKA_0837001	645	648	+	8.81443	0.00164	0.776	GCTT
GCTT	NA	PBANKA_0216000	676	679	+	8.81443	0.00164	0.776	GCTT
GCTT	NA	PBANKA_1200300	676	679	+	8.81443	0.00164	0.776	GCTT
GCTT	NA	PBANKA_1146721	687	690	+	8.81443	0.00164	0.776	GCTT
GCTT	NA	PBANKA_1300081	688	691	+	8.81443	0.00164	0.776	GCTT
GCTT	NA	PBANKA_0500950	689	692	+	8.81443	0.00164	0.776	GCTT
GCTT	NA	PBANKA_0400200	695	698	+	8.81443	0.00164	0.776	GCTT
GCTT	NA	PBANKA_0400200	705	708	+	8.81443	0.00164	0.776	GCTT
GCTT	NA	PBANKA_0500950	706	709	+	8.81443	0.00164	0.776	GCTT
GCTT	NA	PBANKA_1146400	706	709	+	8.81443	0.00164	0.776	GCTT
GCTT	NA	PBANKA_0722700	713	716	+	8.81443	0.00164	0.776	GCTT
GCTT	NA	PBANKA_0722700	724	727	+	8.81443	0.00164	0.776	GCTT
GCTT	NA	PBANKA_0837081	727	730	+	8.81443	0.00164	0.776	GCTT
GCTT	NA	PBANKA_0944061	730	733	+	8.81443	0.00164	0.776	GCTT
GCTT	NA	PBANKA_0200600	737	740	+	8.81443	0.00164	0.776	GCTT
GCTT	NA	PBANKA_0317141	738	741	+	8.81443	0.00164	0.776	GCTT
GCTT	NA	PBANKA_0600091	768	771	+	8.81443	0.00164	0.776	GCTT
GCTT	NA	PBANKA_1365680	768	771	+	8.81443	0.00164	0.776	GCTT
GCTT	NA	PBANKA_0700041	770	773	+	8.81443	0.00164	0.776	GCTT
GCTT	NA	PBANKA_0836800	788	791	+	8.81443	0.00164	0.776	GCTT
GCTT	NA	PBANKA_1300200	831	834	+	8.81443	0.00164	0.776	GCTT
GCTT	NA	PBANKA_0722200	856	859	+	8.81443	0.00164	0.776	GCTT
GCTT	NA	PBANKA_0500950	905	908	+	8.81443	0.00164	0.776	GCTT
GCTT	NA	PBANKA_0800041	908	911	+	8.81443	0.00164	0.776	GCTT
GCTT	NA	PBANKA_0800041	927	930	+	8.81443	0.00164	0.776	GCTT
GCTT	NA	PBANKA_1400400	930	933	+	8.81443	0.00164	0.776	GCTT
GCTT	NA	PBANKA_1246600	931	934	+	8.81443	0.00164	0.776	GCTT
GCTT	NA	PBANKA_1300096	932	935	+	8.81443	0.00164	0.776	GCTT
GCTT	NA	PBANKA_1040521	932	935	+	8.81443	0.00164	0.776	GCTT
GCTT	NA	PBANKA_0722600	935	938	+	8.81443	0.00164	0.776	GCTT
GCTT	NA	PBANKA_1146600	935	938	+	8.81443	0.00164	0.776	GCTT
GCTT	NA	PBANKA_1100441	937	940	+	8.81443	0.00164	0.776	GCTT
GCTT	NA	PBANKA_1400400	966	969	+	8.81443	0.00164	0.776	GCTT
GCTT	NA	PBANKA_0100021	969	972	+	8.81443	0.00164	0.776	GCTT
GCTT	NA	PBANKA_0100021	990	993	+	8.81443	0.00164	0.776	GCTT
GCTT	NA	PBANKA_0317121	992	995	+	8.81443	0.00164	0.776	GCTT
GCTT	NA	PBANKA_0836800	999	1002	+	8.81443	0.00164	0.776	GCTT
GCTT	NA	PBANKA_0800041	1008	1011	+	8.81443	0.00164	0.776	GCTT
GCTT	NA	PBANKA_0944041	1078	1081	+	8.81443	0.00164	0.776	GCTT
GCTT	NA	PBANKA_0200600	1098	1101	+	8.81443	0.00164	0.776	GCTT
GCTT	NA	PBANKA_0317141	1098	1101	+	8.81443	0.00164	0.776	GCTT
GCTT	NA	PBANKA_0317061	1106	1109	+	8.81443	0.00164	0.776	GCTT
GCTT	NA	PBANKA_0700041	1130	1133	+	8.81443	0.00164	0.776	GCTT
GCTT	NA	PBANKA_0836800	1133	1136	+	8.81443	0.00164	0.776	GCTT
GCTT	NA	PBANKA_0317061	1146	1149	+	8.81443	0.00164	0.776	GCTT
GCTT	NA	PBANKA_0317141	1155	1158	+	8.81443	0.00164	0.776	GCTT
GCTT	NA	PBANKA_0200600	1155	1158	+	8.81443	0.00164	0.776	GCTT
GCTT	NA	PBANKA_0800041	1166	1169	+	8.81443	0.00164	0.776	GCTT
GCTT	NA	PBANKA_0317161	1218	1221	+	8.81443	0.00164	0.776	GCTT
GCTT	NA	PBANKA_0215800	1220	1223	+	8.81443	0.00164	0.776	GCTT
GCTT	NA	PBANKA_0317121	1221	1224	+	8.81443	0.00164	0.776	GCTT
GCTT	NA	PBANKA_0317121	1237	1240	+	8.81443	0.00164	0.776	GCTT
GCTT	NA	PBANKA_0800041	1247	1250	+	8.81443	0.00164	0.776	GCTT
GCTT	NA	PBANKA_0200600	1248	1251	+	8.81443	0.00164	0.776	GCTT
GCTT	NA	PBANKA_0317141	1248	1251	+	8.81443	0.00164	0.776	GCTT
GCTT	NA	PBANKA_0722200	1259	1262	+	8.81443	0.00164	0.776	GCTT
GCTT	NA	PBANKA_1365680	1274	1277	+	8.81443	0.00164	0.776	GCTT
GCTT	NA	PBANKA_0600091	1274	1277	+	8.81443	0.00164	0.776	GCTT
GCTT	NA	PBANKA_0216000	1275	1278	+	8.81443	0.00164	0.776	GCTT
GCTT	NA	PBANKA_1040561	1279	1282	+	8.81443	0.00164	0.776	GCTT
GCTT	NA	PBANKA_0836800	1284	1287	+	8.81443	0.00164	0.776	GCTT
GCTT	NA	PBANKA_0100021	1288	1291	+	8.81443	0.00164	0.776	GCTT
GCTT	NA	PBANKA_0317121	1366	1369	+	8.81443	0.00164	0.776	GCTT
GCTT	NA	PBANKA_0215800	1375	1378	+	8.81443	0.00164	0.776	GCTT
GCTT	NA	PBANKA_0700041	1383	1386	+	8.81443	0.00164	0.776	GCTT
GCTT	NA	PBANKA_0317121	1392	1395	+	8.81443	0.00164	0.776	GCTT
GCTT	NA	PBANKA_0317141	1401	1404	+	8.81443	0.00164	0.776	GCTT
GCTT	NA	PBANKA_0112661	1401	1404	+	8.81443	0.00164	0.776	GCTT
GCTT	NA	PBANKA_0200600	1401	1404	+	8.81443	0.00164	0.776	GCTT
GCTT	NA	PBANKA_1200091	1402	1405	+	8.81443	0.00164	0.776	GCTT
GCTT	NA	PBANKA_0317141	1424	1427	+	8.81443	0.00164	0.776	GCTT
GCTT	NA	PBANKA_0200600	1424	1427	+	8.81443	0.00164	0.776	GCTT
GCTT	NA	PBANKA_1365680	1469	1472	+	8.81443	0.00164	0.776	GCTT
GCTT	NA	PBANKA_0600091	1469	1472	+	8.81443	0.00164	0.776	GCTT
GCTT	NA	PBANKA_1365680	1482	1485	+	8.81443	0.00164	0.776	GCTT
GCTT	NA	PBANKA_0600091	1482	1485	+	8.81443	0.00164	0.776	GCTT
GCTT	NA	PBANKA_0800041	115	118	-	7.6185600000000004	0.00205	0.776	GCTC
GCTT	NA	PBANKA_0200600	146	149	-	7.6185600000000004	0.00205	0.776	GCTC
GCTT	NA	PBANKA_0943900	263	266	-	7.6185600000000004	0.00205	0.776	GCTC
GCTT	NA	PBANKA_1200091	317	320	-	7.6185600000000004	0.00205	0.776	GCTC
GCTT	NA	PBANKA_0836800	321	324	-	7.6185600000000004	0.00205	0.776	GCTC
GCTT	NA	PBANKA_0317061	348	351	-	7.6185600000000004	0.00205	0.776	GCTC
GCTT	NA	PBANKA_0836800	397	400	-	7.6185600000000004	0.00205	0.776	GCTC
GCTT	NA	PBANKA_0317061	496	499	-	7.6185600000000004	0.00205	0.776	GCTC
GCTT	NA	PBANKA_0400200	539	542	-	7.6185600000000004	0.00205	0.776	GCTC
GCTT	NA	PBANKA_1146400	539	542	-	7.6185600000000004	0.00205	0.776	GCTC
GCTT	NA	PBANKA_0700041	554	557	-	7.6185600000000004	0.00205	0.776	GCTC
GCTT	NA	PBANKA_0700041	604	607	-	7.6185600000000004	0.00205	0.776	GCTC
GCTT	NA	PBANKA_0317001	620	623	-	7.6185600000000004	0.00205	0.776	GCTC
GCTT	NA	PBANKA_1146761	640	643	-	7.6185600000000004	0.00205	0.776	GCTC
GCTT	NA	PBANKA_0112661	656	659	-	7.6185600000000004	0.00205	0.776	GCTC
GCTT	NA	PBANKA_0317121	665	668	-	7.6185600000000004	0.00205	0.776	GCTC
GCTT	NA	PBANKA_1146721	808	811	-	7.6185600000000004	0.00205	0.776	GCTC
GCTT	NA	PBANKA_1300081	809	812	-	7.6185600000000004	0.00205	0.776	GCTC
GCTT	NA	PBANKA_1365680	830	833	-	7.6185600000000004	0.00205	0.776	GCTC
GCTT	NA	PBANKA_0600091	830	833	-	7.6185600000000004	0.00205	0.776	GCTC
GCTT	NA	PBANKA_0500950	903	906	-	7.6185600000000004	0.00205	0.776	GCTC
GCTT	NA	PBANKA_1300200	1049	1052	-	7.6185600000000004	0.00205	0.776	GCTC
GCTT	NA	PBANKA_0317141	1096	1099	-	7.6185600000000004	0.00205	0.776	GCTC
GCTT	NA	PBANKA_0200600	1096	1099	-	7.6185600000000004	0.00205	0.776	GCTC
GCTT	NA	PBANKA_1136700	1237	1240	-	7.6185600000000004	0.00205	0.776	GCTC
GCTT	NA	PBANKA_0837001	1311	1314	-	7.6185600000000004	0.00205	0.776	GCTC
GCTT	NA	PBANKA_0215800	1412	1415	-	7.6185600000000004	0.00205	0.776	GCTC
GCTT	NA	PBANKA_1200300	1422	1425	-	7.6185600000000004	0.00205	0.776	GCTC
GCTT	NA	PBANKA_0200600	1435	1438	-	7.6185600000000004	0.00205	0.776	GCTC
GCTT	NA	PBANKA_0317141	1435	1438	-	7.6185600000000004	0.00205	0.776	GCTC
GCTT	NA	PBANKA_0300500	1441	1444	-	7.6185600000000004	0.00205	0.776	GCTC
GACT	NA	PBANKA_0317061	3	6	+	7.57732	0.00205	1	GACC
GACT	NA	PBANKA_0317161	35	38	-	7.57732	0.00205	1	GACC
GACT	NA	PBANKA_0100021	145	148	-	7.57732	0.00205	1	GACC
GACT	NA	PBANKA_0317141	155	158	+	7.57732	0.00205	1	GACC
GACT	NA	PBANKA_0500950	195	198	+	7.57732	0.00205	1	GACC
GACT	NA	PBANKA_1200300	213	216	-	7.57732	0.00205	1	GACC
GACT	NA	PBANKA_0800041	231	234	+	7.57732	0.00205	1	GACC
GACT	NA	PBANKA_0112661	243	246	-	7.57732	0.00205	1	GACC
GACT	NA	PBANKA_0317141	260	263	+	7.57732	0.00205	1	GACC
GACT	NA	PBANKA_0317121	258	261	-	7.57732	0.00205	1	GACC
GACT	NA	PBANKA_0200600	272	275	+	7.57732	0.00205	1	GACC
GACT	NA	PBANKA_1200300	292	295	-	7.57732	0.00205	1	GACC
GACT	NA	PBANKA_1136700	333	336	+	7.57732	0.00205	1	GACC
GACT	NA	PBANKA_0112661	349	352	+	7.57732	0.00205	1	GACC
GACT	NA	PBANKA_0317001	351	354	+	7.57732	0.00205	1	GACC
GACT	NA	PBANKA_0317141	368	371	+	7.57732	0.00205	1	GACC
GACT	NA	PBANKA_1040521	498	501	-	7.57732	0.00205	1	GACC
GACT	NA	PBANKA_1136700	679	682	+	7.57732	0.00205	1	GACC
GACT	NA	PBANKA_0317121	685	688	+	7.57732	0.00205	1	GACC
GACT	NA	PBANKA_1200300	701	704	-	7.57732	0.00205	1	GACC
GACT	NA	PBANKA_0837081	740	743	-	7.57732	0.00205	1	GACC
GACT	NA	PBANKA_0317061	753	756	+	7.57732	0.00205	1	GACC
GACT	NA	PBANKA_0112661	786	789	-	7.57732	0.00205	1	GACC
GACT	NA	PBANKA_0200600	910	913	-	7.57732	0.00205	1	GACC
GACT	NA	PBANKA_0317141	911	914	-	7.57732	0.00205	1	GACC
GACT	NA	PBANKA_0317161	924	927	-	7.57732	0.00205	1	GACC
GACT	NA	PBANKA_0944041	1003	1006	-	7.57732	0.00205	1	GACC
GACT	NA	PBANKA_0215800	1035	1038	-	7.57732	0.00205	1	GACC
GACT	NA	PBANKA_0722700	1256	1259	+	7.57732	0.00205	1	GACC
GACT	NA	PBANKA_0800041	1338	1341	+	7.57732	0.00205	1	GACC
GACT	NA	PBANKA_0944041	1359	1362	+	7.57732	0.00205	1	GACC
GACT	NA	PBANKA_1136700	1388	1391	-	7.57732	0.00205	1	GACC
GACT	NA	PBANKA_0216000	1402	1405	+	7.57732	0.00205	1	GACC
GACT	NA	PBANKA_0500950	1408	1411	-	7.57732	0.00205	1	GACC
GCTT	NA	PBANKA_1200300	47	50	+	7.6185600000000004	0.00205	0.776	GCTC
GCTT	NA	PBANKA_0800041	55	58	+	7.6185600000000004	0.00205	0.776	GCTC
GCTT	NA	PBANKA_0944041	126	129	+	7.6185600000000004	0.00205	0.776	GCTC
GCTT	NA	PBANKA_1400400	401	404	+	7.6185600000000004	0.00205	0.776	GCTC
GCTT	NA	PBANKA_0722600	404	407	+	7.6185600000000004	0.00205	0.776	GCTC
GCTT	NA	PBANKA_0215800	471	474	+	7.6185600000000004	0.00205	0.776	GCTC
GCTT	NA	PBANKA_1146761	634	637	+	7.6185600000000004	0.00205	0.776	GCTC
GCTT	NA	PBANKA_0200500	734	737	+	7.6185600000000004	0.00205	0.776	GCTC
GCTT	NA	PBANKA_1400400	1023	1026	+	7.6185600000000004	0.00205	0.776	GCTC
GCTT	NA	PBANKA_1200300	1120	1123	+	7.6185600000000004	0.00205	0.776	GCTC
GCTT	NA	PBANKA_0944061	1213	1216	+	7.6185600000000004	0.00205	0.776	GCTC
GCTT	NA	PBANKA_0112661	1238	1241	+	7.6185600000000004	0.00205	0.776	GCTC
GCTT	NA	PBANKA_0317061	1286	1289	+	7.6185600000000004	0.00205	0.776	GCTC
GCTT	NA	PBANKA_0700041	1339	1342	+	7.6185600000000004	0.00205	0.776	GCTC
GCTT	NA	PBANKA_0200500	1465	1468	+	7.6185600000000004	0.00205	0.776	GCTC
GCTT	NA	PBANKA_0317121	59	62	-	4.57732	0.00247	0.784	GCTG
GCTT	NA	PBANKA_1136700	213	216	-	4.57732	0.00247	0.784	GCTG
GCTT	NA	PBANKA_0215800	411	414	-	4.57732	0.00247	0.784	GCTG
GCTT	NA	PBANKA_1200091	472	475	-	4.57732	0.00247	0.784	GCTG
GCTT	NA	PBANKA_0722600	503	506	-	4.57732	0.00247	0.784	GCTG
GCTT	NA	PBANKA_0837001	535	538	-	4.57732	0.00247	0.784	GCTG
GCTT	NA	PBANKA_0317061	560	563	-	4.57732	0.00247	0.784	GCTG
GCTT	NA	PBANKA_0317061	590	593	-	4.57732	0.00247	0.784	GCTG
GCTT	NA	PBANKA_1465100	626	629	-	4.57732	0.00247	0.784	GCTG
GCTT	NA	PBANKA_1300200	659	662	-	4.57732	0.00247	0.784	GCTG
GCTT	NA	PBANKA_1465100	668	671	-	4.57732	0.00247	0.784	GCTG
GCTT	NA	PBANKA_0317161	681	684	-	4.57732	0.00247	0.784	GCTG
GCTT	NA	PBANKA_0837081	833	836	-	4.57732	0.00247	0.784	GCTG
GCTT	NA	PBANKA_0944041	861	864	-	4.57732	0.00247	0.784	GCTG
GCTT	NA	PBANKA_0317121	863	866	-	4.57732	0.00247	0.784	GCTG
GCTT	NA	PBANKA_0317121	990	993	-	4.57732	0.00247	0.784	GCTG
GCTT	NA	PBANKA_0943900	1028	1031	-	4.57732	0.00247	0.784	GCTG
GCTT	NA	PBANKA_0944041	1094	1097	-	4.57732	0.00247	0.784	GCTG
GCTT	NA	PBANKA_0100021	1142	1145	-	4.57732	0.00247	0.784	GCTG
GCTT	NA	PBANKA_1146400	1195	1198	-	4.57732	0.00247	0.784	GCTG
GCTT	NA	PBANKA_1365680	1390	1393	-	4.57732	0.00247	0.784	GCTG
GCTT	NA	PBANKA_0600091	1390	1393	-	4.57732	0.00247	0.784	GCTG
GCTT	NA	PBANKA_0317001	1439	1442	-	4.57732	0.00247	0.784	GCTG
GCTT	NA	PBANKA_0317001	1453	1456	-	4.57732	0.00247	0.784	GCTG
GCTT	NA	PBANKA_0200500	1453	1456	-	4.57732	0.00247	0.784	GCTG
GCTT	NA	PBANKA_0400200	1453	1456	-	4.57732	0.00247	0.784	GCTG
GCTT	NA	PBANKA_1200300	1453	1456	-	4.57732	0.00247	0.784	GCTG
GCTT	NA	PBANKA_1040561	1494	1497	-	4.57732	0.00247	0.784	GCTG
GCTT	NA	PBANKA_0216000	1494	1497	-	4.57732	0.00247	0.784	GCTG
GCTT	NA	PBANKA_0200600	203	206	+	4.57732	0.00247	0.784	GCTG
GCTT	NA	PBANKA_1136700	207	210	+	4.57732	0.00247	0.784	GCTG
GCTT	NA	PBANKA_0944041	510	513	+	4.57732	0.00247	0.784	GCTG
GCTT	NA	PBANKA_0100021	572	575	+	4.57732	0.00247	0.784	GCTG
GCTT	NA	PBANKA_1246600	750	753	+	4.57732	0.00247	0.784	GCTG
GCTT	NA	PBANKA_1300096	751	754	+	4.57732	0.00247	0.784	GCTG
GCTT	NA	PBANKA_1146600	754	757	+	4.57732	0.00247	0.784	GCTG
GCTT	NA	PBANKA_1100441	756	759	+	4.57732	0.00247	0.784	GCTG
GCTT	NA	PBANKA_1146400	1197	1200	+	4.57732	0.00247	0.784	GCTG
GCTT	NA	PBANKA_0317061	1279	1282	+	4.57732	0.00247	0.784	GCTG
GCTT	NA	PBANKA_0300500	1349	1352	+	4.57732	0.00247	0.784	GCTG
GCTT	NA	PBANKA_0944061	1400	1403	+	4.57732	0.00247	0.784	GCTG
GCTT	NA	PBANKA_0317141	1437	1440	+	4.57732	0.00247	0.784	GCTG
GCTT	NA	PBANKA_0200600	1437	1440	+	4.57732	0.00247	0.784	GCTG
GACT	NA	PBANKA_0112661	7	10	+	6.23711	0.00369	1	GACA
GACT	NA	PBANKA_1040521	17	20	-	6.23711	0.00369	1	GACA
GACT	NA	PBANKA_0215800	49	52	-	6.23711	0.00369	1	GACA
GACT	NA	PBANKA_1100441	57	60	-	6.23711	0.00369	1	GACA
GACT	NA	PBANKA_1465100	84	87	+	6.23711	0.00369	1	GACA
GACT	NA	PBANKA_0216000	88	91	+	6.23711	0.00369	1	GACA
GACT	NA	PBANKA_0722200	100	103	-	6.23711	0.00369	1	GACA
GACT	NA	PBANKA_1040521	122	125	-	6.23711	0.00369	1	GACA
GACT	NA	PBANKA_0200600	127	130	-	6.23711	0.00369	1	GACA
GACT	NA	PBANKA_0836800	142	145	+	6.23711	0.00369	1	GACA
GACT	NA	PBANKA_0216000	146	149	-	6.23711	0.00369	1	GACA
GACT	NA	PBANKA_1200300	164	167	+	6.23711	0.00369	1	GACA
GACT	NA	PBANKA_0600091	161	164	-	6.23711	0.00369	1	GACA
GACT	NA	PBANKA_1365680	165	168	-	6.23711	0.00369	1	GACA
GACT	NA	PBANKA_1136700	177	180	+	6.23711	0.00369	1	GACA
GACT	NA	PBANKA_0943900	183	186	+	6.23711	0.00369	1	GACA
GACT	NA	PBANKA_0500950	185	188	+	6.23711	0.00369	1	GACA
GACT	NA	PBANKA_1200091	187	190	-	6.23711	0.00369	1	GACA
GACT	NA	PBANKA_0215800	194	197	+	6.23711	0.00369	1	GACA
GACT	NA	PBANKA_0600091	195	198	+	6.23711	0.00369	1	GACA
GACT	NA	PBANKA_0200500	195	198	+	6.23711	0.00369	1	GACA
GACT	NA	PBANKA_1365680	199	202	+	6.23711	0.00369	1	GACA
GACT	NA	PBANKA_0317141	202	205	+	6.23711	0.00369	1	GACA
GACT	NA	PBANKA_0600091	201	204	-	6.23711	0.00369	1	GACA
GACT	NA	PBANKA_0722600	208	211	+	6.23711	0.00369	1	GACA
GACT	NA	PBANKA_1365680	205	208	-	6.23711	0.00369	1	GACA
GACT	NA	PBANKA_0200600	215	218	+	6.23711	0.00369	1	GACA
GACT	NA	PBANKA_0836800	216	219	-	6.23711	0.00369	1	GACA
GACT	NA	PBANKA_1146761	224	227	+	6.23711	0.00369	1	GACA
GACT	NA	PBANKA_0722200	238	241	+	6.23711	0.00369	1	GACA
GACT	NA	PBANKA_0700041	246	249	+	6.23711	0.00369	1	GACA
GACT	NA	PBANKA_0722700	249	252	+	6.23711	0.00369	1	GACA
GACT	NA	PBANKA_0837001	291	294	-	6.23711	0.00369	1	GACA
GACT	NA	PBANKA_1465100	303	306	+	6.23711	0.00369	1	GACA
GACT	NA	PBANKA_0317121	305	308	+	6.23711	0.00369	1	GACA
GACT	NA	PBANKA_0200500	306	309	+	6.23711	0.00369	1	GACA
GACT	NA	PBANKA_0600091	324	327	+	6.23711	0.00369	1	GACA
GACT	NA	PBANKA_1365680	328	331	+	6.23711	0.00369	1	GACA
GACT	NA	PBANKA_1136700	361	364	-	6.23711	0.00369	1	GACA
GACT	NA	PBANKA_0300500	372	375	+	6.23711	0.00369	1	GACA
GACT	NA	PBANKA_0943900	374	377	-	6.23711	0.00369	1	GACA
GACT	NA	PBANKA_0600091	377	380	+	6.23711	0.00369	1	GACA
GACT	NA	PBANKA_0700041	376	379	-	6.23711	0.00369	1	GACA
GACT	NA	PBANKA_1365680	381	384	+	6.23711	0.00369	1	GACA
GACT	NA	PBANKA_1400400	390	393	+	6.23711	0.00369	1	GACA
GACT	NA	PBANKA_1100441	388	391	-	6.23711	0.00369	1	GACA
GACT	NA	PBANKA_0722600	393	396	+	6.23711	0.00369	1	GACA
GACT	NA	PBANKA_0317001	413	416	+	6.23711	0.00369	1	GACA
GACT	NA	PBANKA_0317121	424	427	+	6.23711	0.00369	1	GACA
GACT	NA	PBANKA_1146721	431	434	+	6.23711	0.00369	1	GACA
GACT	NA	PBANKA_1300081	432	435	+	6.23711	0.00369	1	GACA
GACT	NA	PBANKA_0836800	432	435	+	6.23711	0.00369	1	GACA
GACT	NA	PBANKA_1400400	465	468	+	6.23711	0.00369	1	GACA
GACT	NA	PBANKA_0722600	468	471	+	6.23711	0.00369	1	GACA
GACT	NA	PBANKA_0317161	477	480	+	6.23711	0.00369	1	GACA
GACT	NA	PBANKA_1400400	519	522	+	6.23711	0.00369	1	GACA
GACT	NA	PBANKA_0722600	522	525	+	6.23711	0.00369	1	GACA
GACT	NA	PBANKA_0317121	529	532	-	6.23711	0.00369	1	GACA
GACT	NA	PBANKA_0317001	535	538	+	6.23711	0.00369	1	GACA
GACT	NA	PBANKA_1136700	557	560	-	6.23711	0.00369	1	GACA
GACT	NA	PBANKA_0944061	558	561	-	6.23711	0.00369	1	GACA
GACT	NA	PBANKA_0200500	561	564	-	6.23711	0.00369	1	GACA
GACT	NA	PBANKA_0317141	565	568	-	6.23711	0.00369	1	GACA
GACT	NA	PBANKA_1465100	582	585	+	6.23711	0.00369	1	GACA
GACT	NA	PBANKA_0200500	585	588	+	6.23711	0.00369	1	GACA
GACT	NA	PBANKA_1136700	591	594	+	6.23711	0.00369	1	GACA
GACT	NA	PBANKA_0836800	607	610	+	6.23711	0.00369	1	GACA
GACT	NA	PBANKA_1465100	642	645	-	6.23711	0.00369	1	GACA
GACT	NA	PBANKA_1465100	662	665	+	6.23711	0.00369	1	GACA
GACT	NA	PBANKA_0837001	675	678	-	6.23711	0.00369	1	GACA
GACT	NA	PBANKA_0317161	711	714	-	6.23711	0.00369	1	GACA
GACT	NA	PBANKA_1200300	715	718	-	6.23711	0.00369	1	GACA
GACT	NA	PBANKA_0317121	721	724	+	6.23711	0.00369	1	GACA
GACT	NA	PBANKA_0500950	733	736	-	6.23711	0.00369	1	GACA
GACT	NA	PBANKA_0600091	782	785	+	6.23711	0.00369	1	GACA
GACT	NA	PBANKA_1365680	782	785	+	6.23711	0.00369	1	GACA
GACT	NA	PBANKA_0317161	806	809	-	6.23711	0.00369	1	GACA
GACT	NA	PBANKA_1146721	842	845	-	6.23711	0.00369	1	GACA
GACT	NA	PBANKA_1300081	843	846	-	6.23711	0.00369	1	GACA
GACT	NA	PBANKA_0200600	870	873	-	6.23711	0.00369	1	GACA
GACT	NA	PBANKA_0317141	871	874	-	6.23711	0.00369	1	GACA
GACT	NA	PBANKA_0722200	885	888	+	6.23711	0.00369	1	GACA
GACT	NA	PBANKA_0216000	894	897	-	6.23711	0.00369	1	GACA
GACT	NA	PBANKA_0800041	922	925	+	6.23711	0.00369	1	GACA
GACT	NA	PBANKA_1040561	981	984	+	6.23711	0.00369	1	GACA
GACT	NA	PBANKA_1400400	1008	1011	+	6.23711	0.00369	1	GACA
GACT	NA	PBANKA_1136700	1015	1018	+	6.23711	0.00369	1	GACA
GACT	NA	PBANKA_0800041	1019	1022	+	6.23711	0.00369	1	GACA
GACT	NA	PBANKA_1465100	1061	1064	-	6.23711	0.00369	1	GACA
GACT	NA	PBANKA_0317001	1093	1096	+	6.23711	0.00369	1	GACA
GACT	NA	PBANKA_0944041	1091	1094	-	6.23711	0.00369	1	GACA
GACT	NA	PBANKA_1146761	1110	1113	-	6.23711	0.00369	1	GACA
GACT	NA	PBANKA_0943900	1114	1117	-	6.23711	0.00369	1	GACA
GACT	NA	PBANKA_0200500	1120	1123	+	6.23711	0.00369	1	GACA
GACT	NA	PBANKA_0944061	1126	1129	+	6.23711	0.00369	1	GACA
GACT	NA	PBANKA_1146761	1141	1144	+	6.23711	0.00369	1	GACA
GACT	NA	PBANKA_0943900	1145	1148	+	6.23711	0.00369	1	GACA
GACT	NA	PBANKA_0722700	1149	1152	+	6.23711	0.00369	1	GACA
GACT	NA	PBANKA_0216000	1164	1167	+	6.23711	0.00369	1	GACA
GACT	NA	PBANKA_0722200	1196	1199	-	6.23711	0.00369	1	GACA
GACT	NA	PBANKA_0216000	1295	1298	-	6.23711	0.00369	1	GACA
GACT	NA	PBANKA_1040561	1299	1302	-	6.23711	0.00369	1	GACA
GACT	NA	PBANKA_1300200	1308	1311	-	6.23711	0.00369	1	GACA
GACT	NA	PBANKA_0216000	1342	1345	-	6.23711	0.00369	1	GACA
GACT	NA	PBANKA_0300500	1352	1355	+	6.23711	0.00369	1	GACA
GACT	NA	PBANKA_1136700	1375	1378	+	6.23711	0.00369	1	GACA
GACT	NA	PBANKA_0837081	1381	1384	-	6.23711	0.00369	1	GACA
GACT	NA	PBANKA_0943900	1385	1388	-	6.23711	0.00369	1	GACA
GACT	NA	PBANKA_1200300	1391	1394	+	6.23711	0.00369	1	GACA
GACT	NA	PBANKA_1146400	1391	1394	+	6.23711	0.00369	1	GACA
GACT	NA	PBANKA_0317001	1394	1397	+	6.23711	0.00369	1	GACA
GACT	NA	PBANKA_0722200	1400	1403	+	6.23711	0.00369	1	GACA
GACT	NA	PBANKA_0700041	1423	1426	-	6.23711	0.00369	1	GACA
GACT	NA	PBANKA_0317001	1423	1426	-	6.23711	0.00369	1	GACA
GACT	NA	PBANKA_1300200	1426	1429	+	6.23711	0.00369	1	GACA
GACT	NA	PBANKA_1040561	1427	1430	-	6.23711	0.00369	1	GACA
GACT	NA	PBANKA_0837001	1437	1440	+	6.23711	0.00369	1	GACA
GACT	NA	PBANKA_0722700	1440	1443	-	6.23711	0.00369	1	GACA
GACT	NA	PBANKA_1040521	1446	1449	+	6.23711	0.00369	1	GACA
GACT	NA	PBANKA_1146600	1450	1453	+	6.23711	0.00369	1	GACA
GACT	NA	PBANKA_0722600	1450	1453	+	6.23711	0.00369	1	GACA
GACT	NA	PBANKA_1100441	1450	1453	+	6.23711	0.00369	1	GACA
GACT	NA	PBANKA_1136700	1454	1457	+	6.23711	0.00369	1	GACA
GACT	NA	PBANKA_1040561	1463	1466	+	6.23711	0.00369	1	GACA
GACT	NA	PBANKA_0216000	1463	1466	+	6.23711	0.00369	1	GACA
GACT	NA	PBANKA_0722200	1461	1464	-	6.23711	0.00369	1	GACA
GACT	NA	PBANKA_0800041	1493	1496	-	6.23711	0.00369	1	GACA
GACT	NA	PBANKA_0836800	1497	1500	+	6.23711	0.00369	1	GACA
GCTT	NA	PBANKA_0200600	12	15	-	3.56701	0.00411	0.792	GCAT
GCTT	NA	PBANKA_0600091	15	18	-	3.56701	0.00411	0.792	GCAT
GCTT	NA	PBANKA_0944041	17	20	-	3.56701	0.00411	0.792	GCAT
GCTT	NA	PBANKA_1300200	25	28	-	3.56701	0.00411	0.792	GCAT
GCTT	NA	PBANKA_1136700	28	31	-	3.56701	0.00411	0.792	GCAT
GCTT	NA	PBANKA_0100021	35	38	-	3.56701	0.00411	0.792	GCAT
GCTT	NA	PBANKA_0317161	55	58	-	3.56701	0.00411	0.792	GCAT
GCTT	NA	PBANKA_0943900	57	60	-	3.56701	0.00411	0.792	GCAT
GCTT	NA	PBANKA_0500950	66	69	-	3.56701	0.00411	0.792	GCAT
GCTT	NA	PBANKA_0112661	67	70	-	3.56701	0.00411	0.792	GCAT
GCTT	NA	PBANKA_0112661	74	77	-	3.56701	0.00411	0.792	GCAT
GCTT	NA	PBANKA_0722700	76	79	-	3.56701	0.00411	0.792	GCAT
GCTT	NA	PBANKA_0944061	84	87	-	3.56701	0.00411	0.792	GCAT
GCTT	NA	PBANKA_0837081	88	91	-	3.56701	0.00411	0.792	GCAT
GCTT	NA	PBANKA_0943900	89	92	-	3.56701	0.00411	0.792	GCAT
GCTT	NA	PBANKA_0837001	92	95	-	3.56701	0.00411	0.792	GCAT
GCTT	NA	PBANKA_1200300	95	98	-	3.56701	0.00411	0.792	GCAT
GCTT	NA	PBANKA_0200500	101	104	-	3.56701	0.00411	0.792	GCAT
GCTT	NA	PBANKA_1146761	103	106	-	3.56701	0.00411	0.792	GCAT
GCTT	NA	PBANKA_0400200	104	107	-	3.56701	0.00411	0.792	GCAT
GCTT	NA	PBANKA_0317121	107	110	-	3.56701	0.00411	0.792	GCAT
GCTT	NA	PBANKA_1146400	109	112	-	3.56701	0.00411	0.792	GCAT
GCTT	NA	PBANKA_0800041	109	112	-	3.56701	0.00411	0.792	GCAT
GCTT	NA	PBANKA_0722200	117	120	-	3.56701	0.00411	0.792	GCAT
GCTT	NA	PBANKA_0944041	124	127	-	3.56701	0.00411	0.792	GCAT
GCTT	NA	PBANKA_1465100	138	141	-	3.56701	0.00411	0.792	GCAT
GCTT	NA	PBANKA_0700041	143	146	-	3.56701	0.00411	0.792	GCAT
GCTT	NA	PBANKA_1040521	147	150	-	3.56701	0.00411	0.792	GCAT
GCTT	NA	PBANKA_0317141	151	154	-	3.56701	0.00411	0.792	GCAT
GCTT	NA	PBANKA_0215800	158	161	-	3.56701	0.00411	0.792	GCAT
GCTT	NA	PBANKA_1200091	160	163	-	3.56701	0.00411	0.792	GCAT
GCTT	NA	PBANKA_1040521	164	167	-	3.56701	0.00411	0.792	GCAT
GCTT	NA	PBANKA_1040521	174	177	-	3.56701	0.00411	0.792	GCAT
GCTT	NA	PBANKA_0100021	181	184	-	3.56701	0.00411	0.792	GCAT
GCTT	NA	PBANKA_0317001	183	186	-	3.56701	0.00411	0.792	GCAT
GCTT	NA	PBANKA_1040521	187	190	-	3.56701	0.00411	0.792	GCAT
GCTT	NA	PBANKA_0200600	188	191	-	3.56701	0.00411	0.792	GCAT
GCTT	NA	PBANKA_1465100	194	197	-	3.56701	0.00411	0.792	GCAT
GCTT	NA	PBANKA_1246600	207	210	-	3.56701	0.00411	0.792	GCAT
GCTT	NA	PBANKA_1146600	208	211	-	3.56701	0.00411	0.792	GCAT
GCTT	NA	PBANKA_1300096	209	212	-	3.56701	0.00411	0.792	GCAT
GCTT	NA	PBANKA_1246600	217	220	-	3.56701	0.00411	0.792	GCAT
GCTT	NA	PBANKA_0100021	217	220	-	3.56701	0.00411	0.792	GCAT
GCTT	NA	PBANKA_0837081	218	221	-	3.56701	0.00411	0.792	GCAT
GCTT	NA	PBANKA_1300096	222	225	-	3.56701	0.00411	0.792	GCAT
GCTT	NA	PBANKA_0317161	227	230	-	3.56701	0.00411	0.792	GCAT
GCTT	NA	PBANKA_0944061	231	234	-	3.56701	0.00411	0.792	GCAT
GCTT	NA	PBANKA_0700041	276	279	-	3.56701	0.00411	0.792	GCAT
GCTT	NA	PBANKA_0317061	290	293	-	3.56701	0.00411	0.792	GCAT
GCTT	NA	PBANKA_1146721	314	317	-	3.56701	0.00411	0.792	GCAT
GCTT	NA	PBANKA_1300081	315	318	-	3.56701	0.00411	0.792	GCAT
GCTT	NA	PBANKA_1040521	350	353	-	3.56701	0.00411	0.792	GCAT
GCTT	NA	PBANKA_1300200	368	371	-	3.56701	0.00411	0.792	GCAT
GCTT	NA	PBANKA_1040561	372	375	-	3.56701	0.00411	0.792	GCAT
GCTT	NA	PBANKA_1246600	380	383	-	3.56701	0.00411	0.792	GCAT
GCTT	NA	PBANKA_1300096	381	384	-	3.56701	0.00411	0.792	GCAT
GCTT	NA	PBANKA_0800041	384	387	-	3.56701	0.00411	0.792	GCAT
GCTT	NA	PBANKA_1146600	384	387	-	3.56701	0.00411	0.792	GCAT
GCTT	NA	PBANKA_1365680	390	393	-	3.56701	0.00411	0.792	GCAT
GCTT	NA	PBANKA_0800041	430	433	-	3.56701	0.00411	0.792	GCAT
GCTT	NA	PBANKA_0944041	431	434	-	3.56701	0.00411	0.792	GCAT
GCTT	NA	PBANKA_0317141	434	437	-	3.56701	0.00411	0.792	GCAT
GCTT	NA	PBANKA_0837001	435	438	-	3.56701	0.00411	0.792	GCAT
GCTT	NA	PBANKA_0722700	443	446	-	3.56701	0.00411	0.792	GCAT
GCTT	NA	PBANKA_0300500	452	455	-	3.56701	0.00411	0.792	GCAT
GCTT	NA	PBANKA_0722600	459	462	-	3.56701	0.00411	0.792	GCAT
GCTT	NA	PBANKA_1400400	473	476	-	3.56701	0.00411	0.792	GCAT
GCTT	NA	PBANKA_0837081	475	478	-	3.56701	0.00411	0.792	GCAT
GCTT	NA	PBANKA_0722600	476	479	-	3.56701	0.00411	0.792	GCAT
GCTT	NA	PBANKA_0300500	478	481	-	3.56701	0.00411	0.792	GCAT
GCTT	NA	PBANKA_0500950	494	497	-	3.56701	0.00411	0.792	GCAT
GCTT	NA	PBANKA_1136700	502	505	-	3.56701	0.00411	0.792	GCAT
GCTT	NA	PBANKA_0200600	507	510	-	3.56701	0.00411	0.792	GCAT
GCTT	NA	PBANKA_1200091	515	518	-	3.56701	0.00411	0.792	GCAT
GCTT	NA	PBANKA_0216000	520	523	-	3.56701	0.00411	0.792	GCAT
GCTT	NA	PBANKA_0700041	559	562	-	3.56701	0.00411	0.792	GCAT
GCTT	NA	PBANKA_1040561	569	572	-	3.56701	0.00411	0.792	GCAT
GCTT	NA	PBANKA_0317001	575	578	-	3.56701	0.00411	0.792	GCAT
GCTT	NA	PBANKA_1465100	595	598	-	3.56701	0.00411	0.792	GCAT
GCTT	NA	PBANKA_0837081	599	602	-	3.56701	0.00411	0.792	GCAT
GCTT	NA	PBANKA_0600091	620	623	-	3.56701	0.00411	0.792	GCAT
GCTT	NA	PBANKA_0722700	622	625	-	3.56701	0.00411	0.792	GCAT
GCTT	NA	PBANKA_0837001	623	626	-	3.56701	0.00411	0.792	GCAT
GCTT	NA	PBANKA_1146761	632	635	-	3.56701	0.00411	0.792	GCAT
GCTT	NA	PBANKA_0944061	644	647	-	3.56701	0.00411	0.792	GCAT
GCTT	NA	PBANKA_0837001	664	667	-	3.56701	0.00411	0.792	GCAT
GCTT	NA	PBANKA_0216000	674	677	-	3.56701	0.00411	0.792	GCAT
GCTT	NA	PBANKA_1146721	696	699	-	3.56701	0.00411	0.792	GCAT
GCTT	NA	PBANKA_1300081	697	700	-	3.56701	0.00411	0.792	GCAT
GCTT	NA	PBANKA_0200500	698	701	-	3.56701	0.00411	0.792	GCAT
GCTT	NA	PBANKA_0216000	705	708	-	3.56701	0.00411	0.792	GCAT
GCTT	NA	PBANKA_0837081	705	708	-	3.56701	0.00411	0.792	GCAT
GCTT	NA	PBANKA_1146400	715	718	-	3.56701	0.00411	0.792	GCAT
GCTT	NA	PBANKA_0500950	715	718	-	3.56701	0.00411	0.792	GCAT
GCTT	NA	PBANKA_1246600	748	751	-	3.56701	0.00411	0.792	GCAT
GCTT	NA	PBANKA_1300096	749	752	-	3.56701	0.00411	0.792	GCAT
GCTT	NA	PBANKA_0944061	750	753	-	3.56701	0.00411	0.792	GCAT
GCTT	NA	PBANKA_1146600	752	755	-	3.56701	0.00411	0.792	GCAT
GCTT	NA	PBANKA_1100441	754	757	-	3.56701	0.00411	0.792	GCAT
GCTT	NA	PBANKA_1146400	758	761	-	3.56701	0.00411	0.792	GCAT
GCTT	NA	PBANKA_0722200	763	766	-	3.56701	0.00411	0.792	GCAT
GCTT	NA	PBANKA_0317001	765	768	-	3.56701	0.00411	0.792	GCAT
GCTT	NA	PBANKA_0215800	766	769	-	3.56701	0.00411	0.792	GCAT
GCTT	NA	PBANKA_0200500	769	772	-	3.56701	0.00411	0.792	GCAT
GCTT	NA	PBANKA_1146721	787	790	-	3.56701	0.00411	0.792	GCAT
GCTT	NA	PBANKA_1300081	788	791	-	3.56701	0.00411	0.792	GCAT
GCTT	NA	PBANKA_0700041	789	792	-	3.56701	0.00411	0.792	GCAT
GCTT	NA	PBANKA_0836800	796	799	-	3.56701	0.00411	0.792	GCAT
GCTT	NA	PBANKA_1465100	807	810	-	3.56701	0.00411	0.792	GCAT
GCTT	NA	PBANKA_1300200	809	812	-	3.56701	0.00411	0.792	GCAT
GCTT	NA	PBANKA_0216000	818	821	-	3.56701	0.00411	0.792	GCAT
GCTT	NA	PBANKA_1146761	830	833	-	3.56701	0.00411	0.792	GCAT
GCTT	NA	PBANKA_0837081	830	833	-	3.56701	0.00411	0.792	GCAT
GCTT	NA	PBANKA_0943900	834	837	-	3.56701	0.00411	0.792	GCAT
GCTT	NA	PBANKA_0837001	836	839	-	3.56701	0.00411	0.792	GCAT
GCTT	NA	PBANKA_1200091	837	840	-	3.56701	0.00411	0.792	GCAT
GCTT	NA	PBANKA_1300200	851	854	-	3.56701	0.00411	0.792	GCAT
GCTT	NA	PBANKA_0722200	854	857	-	3.56701	0.00411	0.792	GCAT
GCTT	NA	PBANKA_0837001	857	860	-	3.56701	0.00411	0.792	GCAT
GCTT	NA	PBANKA_1365680	870	873	-	3.56701	0.00411	0.792	GCAT
GCTT	NA	PBANKA_0600091	870	873	-	3.56701	0.00411	0.792	GCAT
GCTT	NA	PBANKA_1200300	874	877	-	3.56701	0.00411	0.792	GCAT
GCTT	NA	PBANKA_0836800	881	884	-	3.56701	0.00411	0.792	GCAT
GCTT	NA	PBANKA_0722200	897	900	-	3.56701	0.00411	0.792	GCAT
GCTT	NA	PBANKA_1200300	900	903	-	3.56701	0.00411	0.792	GCAT
GCTT	NA	PBANKA_0200500	905	908	-	3.56701	0.00411	0.792	GCAT
GCTT	NA	PBANKA_0800041	906	909	-	3.56701	0.00411	0.792	GCAT
GCTT	NA	PBANKA_0317001	917	920	-	3.56701	0.00411	0.792	GCAT
GCTT	NA	PBANKA_1146400	918	921	-	3.56701	0.00411	0.792	GCAT
GCTT	NA	PBANKA_0500950	918	921	-	3.56701	0.00411	0.792	GCAT
GCTT	NA	PBANKA_1146721	919	922	-	3.56701	0.00411	0.792	GCAT
GCTT	NA	PBANKA_1300081	920	923	-	3.56701	0.00411	0.792	GCAT
GCTT	NA	PBANKA_0317061	921	924	-	3.56701	0.00411	0.792	GCAT
GCTT	NA	PBANKA_0800041	925	928	-	3.56701	0.00411	0.792	GCAT
GCTT	NA	PBANKA_0317161	928	931	-	3.56701	0.00411	0.792	GCAT
GCTT	NA	PBANKA_1400400	928	931	-	3.56701	0.00411	0.792	GCAT
GCTT	NA	PBANKA_0200500	931	934	-	3.56701	0.00411	0.792	GCAT
GCTT	NA	PBANKA_1365680	948	951	-	3.56701	0.00411	0.792	GCAT
GCTT	NA	PBANKA_0600091	948	951	-	3.56701	0.00411	0.792	GCAT
GCTT	NA	PBANKA_0722700	948	951	-	3.56701	0.00411	0.792	GCAT
GCTT	NA	PBANKA_1136700	952	955	-	3.56701	0.00411	0.792	GCAT
GCTT	NA	PBANKA_0837081	955	958	-	3.56701	0.00411	0.792	GCAT
GCTT	NA	PBANKA_0300500	955	958	-	3.56701	0.00411	0.792	GCAT
GCTT	NA	PBANKA_0944041	982	985	-	3.56701	0.00411	0.792	GCAT
GCTT	NA	PBANKA_0317121	1002	1005	-	3.56701	0.00411	0.792	GCAT
GCTT	NA	PBANKA_0100021	1028	1031	-	3.56701	0.00411	0.792	GCAT
GCTT	NA	PBANKA_1300200	1034	1037	-	3.56701	0.00411	0.792	GCAT
GCTT	NA	PBANKA_0600091	1042	1045	-	3.56701	0.00411	0.792	GCAT
GCTT	NA	PBANKA_0112661	1048	1051	-	3.56701	0.00411	0.792	GCAT
GCTT	NA	PBANKA_1300200	1070	1073	-	3.56701	0.00411	0.792	GCAT
GCTT	NA	PBANKA_1465100	1077	1080	-	3.56701	0.00411	0.792	GCAT
GCTT	NA	PBANKA_0836800	1099	1102	-	3.56701	0.00411	0.792	GCAT
GCTT	NA	PBANKA_1146761	1101	1104	-	3.56701	0.00411	0.792	GCAT
GCTT	NA	PBANKA_0216000	1103	1106	-	3.56701	0.00411	0.792	GCAT
GCTT	NA	PBANKA_0317061	1104	1107	-	3.56701	0.00411	0.792	GCAT
GCTT	NA	PBANKA_1040561	1107	1110	-	3.56701	0.00411	0.792	GCAT
GCTT	NA	PBANKA_0317121	1116	1119	-	3.56701	0.00411	0.792	GCAT
GCTT	NA	PBANKA_1200300	1118	1121	-	3.56701	0.00411	0.792	GCAT
GCTT	NA	PBANKA_0944041	1124	1127	-	3.56701	0.00411	0.792	GCAT
GCTT	NA	PBANKA_1200091	1127	1130	-	3.56701	0.00411	0.792	GCAT
GCTT	NA	PBANKA_1365680	1167	1170	-	3.56701	0.00411	0.792	GCAT
GCTT	NA	PBANKA_0600091	1167	1170	-	3.56701	0.00411	0.792	GCAT
GCTT	NA	PBANKA_0836800	1169	1172	-	3.56701	0.00411	0.792	GCAT
GCTT	NA	PBANKA_1146400	1191	1194	-	3.56701	0.00411	0.792	GCAT
GCTT	NA	PBANKA_0944061	1211	1214	-	3.56701	0.00411	0.792	GCAT
GCTT	NA	PBANKA_0944061	1223	1226	-	3.56701	0.00411	0.792	GCAT
GCTT	NA	PBANKA_0500950	1227	1230	-	3.56701	0.00411	0.792	GCAT
GCTT	NA	PBANKA_0200500	1227	1230	-	3.56701	0.00411	0.792	GCAT
GCTT	NA	PBANKA_0400200	1228	1231	-	3.56701	0.00411	0.792	GCAT
GCTT	NA	PBANKA_0112661	1236	1239	-	3.56701	0.00411	0.792	GCAT
GCTT	NA	PBANKA_1300200	1241	1244	-	3.56701	0.00411	0.792	GCAT
GCTT	NA	PBANKA_0700041	1244	1247	-	3.56701	0.00411	0.792	GCAT
GCTT	NA	PBANKA_0944061	1245	1248	-	3.56701	0.00411	0.792	GCAT
GCTT	NA	PBANKA_1200300	1253	1256	-	3.56701	0.00411	0.792	GCAT
GCTT	NA	PBANKA_0317061	1277	1280	-	3.56701	0.00411	0.792	GCAT
GCTT	NA	PBANKA_0800041	1284	1287	-	3.56701	0.00411	0.792	GCAT
GCTT	NA	PBANKA_0317161	1292	1295	-	3.56701	0.00411	0.792	GCAT
GCTT	NA	PBANKA_0200500	1308	1311	-	3.56701	0.00411	0.792	GCAT
GCTT	NA	PBANKA_0300500	1347	1350	-	3.56701	0.00411	0.792	GCAT
GCTT	NA	PBANKA_0700041	1381	1384	-	3.56701	0.00411	0.792	GCAT
GCTT	NA	PBANKA_0317001	1383	1386	-	3.56701	0.00411	0.792	GCAT
GCTT	NA	PBANKA_0800041	1415	1418	-	3.56701	0.00411	0.792	GCAT
GCTT	NA	PBANKA_0836800	1430	1433	-	3.56701	0.00411	0.792	GCAT
GCTT	NA	PBANKA_1300200	1438	1441	-	3.56701	0.00411	0.792	GCAT
GCTT	NA	PBANKA_0400200	1440	1443	-	3.56701	0.00411	0.792	GCAT
GCTT	NA	PBANKA_0700041	1460	1463	-	3.56701	0.00411	0.792	GCAT
GCTT	NA	PBANKA_1146761	1464	1467	-	3.56701	0.00411	0.792	GCAT
GCTT	NA	PBANKA_0943900	1464	1467	-	3.56701	0.00411	0.792	GCAT
GCTT	NA	PBANKA_0722200	1472	1475	-	3.56701	0.00411	0.792	GCAT
GACT	NA	PBANKA_0317161	17	20	-	6.14433	0.00411	1	GGCT
GACT	NA	PBANKA_0112661	20	23	+	6.14433	0.00411	1	GGCT
GACT	NA	PBANKA_0944061	40	43	+	6.14433	0.00411	1	GGCT
GACT	NA	PBANKA_1200091	54	57	-	6.14433	0.00411	1	GGCT
GACT	NA	PBANKA_1146761	158	161	+	6.14433	0.00411	1	GGCT
GACT	NA	PBANKA_0317141	173	176	+	6.14433	0.00411	1	GGCT
GACT	NA	PBANKA_0944041	248	251	+	6.14433	0.00411	1	GGCT
GACT	NA	PBANKA_0944061	259	262	-	6.14433	0.00411	1	GGCT
GACT	NA	PBANKA_1200300	273	276	-	6.14433	0.00411	1	GGCT
GACT	NA	PBANKA_1136700	290	293	-	6.14433	0.00411	1	GGCT
GACT	NA	PBANKA_1100441	300	303	-	6.14433	0.00411	1	GGCT
GACT	NA	PBANKA_0317121	318	321	+	6.14433	0.00411	1	GGCT
GACT	NA	PBANKA_1200091	318	321	-	6.14433	0.00411	1	GGCT
GACT	NA	PBANKA_0836800	322	325	-	6.14433	0.00411	1	GGCT
GACT	NA	PBANKA_0722200	335	338	-	6.14433	0.00411	1	GGCT
GACT	NA	PBANKA_1146600	346	349	+	6.14433	0.00411	1	GGCT
GACT	NA	PBANKA_1100441	349	352	+	6.14433	0.00411	1	GGCT
GACT	NA	PBANKA_0700041	357	360	-	6.14433	0.00411	1	GGCT
GACT	NA	PBANKA_1400400	400	403	+	6.14433	0.00411	1	GGCT
GACT	NA	PBANKA_1040561	399	402	-	6.14433	0.00411	1	GGCT
GACT	NA	PBANKA_0722600	403	406	+	6.14433	0.00411	1	GGCT
GACT	NA	PBANKA_0317161	403	406	+	6.14433	0.00411	1	GGCT
GACT	NA	PBANKA_0215800	442	445	+	6.14433	0.00411	1	GGCT
GACT	NA	PBANKA_1200091	452	455	+	6.14433	0.00411	1	GGCT
GACT	NA	PBANKA_0215800	470	473	+	6.14433	0.00411	1	GGCT
GACT	NA	PBANKA_1200300	542	545	-	6.14433	0.00411	1	GGCT
GACT	NA	PBANKA_0944061	547	550	+	6.14433	0.00411	1	GGCT
GACT	NA	PBANKA_0100021	571	574	+	6.14433	0.00411	1	GGCT
GACT	NA	PBANKA_1465100	627	630	-	6.14433	0.00411	1	GGCT
GACT	NA	PBANKA_1300200	660	663	-	6.14433	0.00411	1	GGCT
GACT	NA	PBANKA_0317121	666	669	-	6.14433	0.00411	1	GGCT
GACT	NA	PBANKA_0500950	688	691	+	6.14433	0.00411	1	GGCT
GACT	NA	PBANKA_0400200	694	697	+	6.14433	0.00411	1	GGCT
GACT	NA	PBANKA_0200500	733	736	+	6.14433	0.00411	1	GGCT
GACT	NA	PBANKA_0700041	769	772	+	6.14433	0.00411	1	GGCT
GACT	NA	PBANKA_0100021	827	830	-	6.14433	0.00411	1	GGCT
GACT	NA	PBANKA_0600091	831	834	-	6.14433	0.00411	1	GGCT
GACT	NA	PBANKA_1365680	831	834	-	6.14433	0.00411	1	GGCT
GACT	NA	PBANKA_1465100	843	846	-	6.14433	0.00411	1	GGCT
GACT	NA	PBANKA_0400200	1001	1004	+	6.14433	0.00411	1	GGCT
GACT	NA	PBANKA_0944041	1077	1080	+	6.14433	0.00411	1	GGCT
GACT	NA	PBANKA_1246600	1114	1117	-	6.14433	0.00411	1	GGCT
GACT	NA	PBANKA_1400400	1115	1118	-	6.14433	0.00411	1	GGCT
GACT	NA	PBANKA_1300096	1115	1118	-	6.14433	0.00411	1	GGCT
GACT	NA	PBANKA_1040521	1115	1118	-	6.14433	0.00411	1	GGCT
GACT	NA	PBANKA_0722600	1118	1121	-	6.14433	0.00411	1	GGCT
GACT	NA	PBANKA_1100441	1120	1123	-	6.14433	0.00411	1	GGCT
GACT	NA	PBANKA_0300500	1341	1344	+	6.14433	0.00411	1	GGCT
GACT	NA	PBANKA_1200300	1423	1426	-	6.14433	0.00411	1	GGCT
GACT	NA	PBANKA_0300500	1442	1445	-	6.14433	0.00411	1	GGCT
GACT	NA	PBANKA_1136700	1487	1490	+	6.14433	0.00411	1	GGCT
GACT	NA	PBANKA_0100021	257	260	+	4.97938	0.00421	1	GGCC
GACT	NA	PBANKA_0100021	257	260	-	4.97938	0.00421	1	GGCC
GACT	NA	PBANKA_1465100	516	519	+	4.97938	0.00421	1	GGCC
GACT	NA	PBANKA_1465100	516	519	-	4.97938	0.00421	1	GGCC
GACT	NA	PBANKA_1400400	804	807	+	4.97938	0.00421	1	GGCC
GACT	NA	PBANKA_1400400	804	807	-	4.97938	0.00421	1	GGCC
GACT	NA	PBANKA_0722600	809	812	+	4.97938	0.00421	1	GGCC
GACT	NA	PBANKA_0722600	809	812	-	4.97938	0.00421	1	GGCC
GACT	NA	PBANKA_1246600	45	48	+	3.63918	0.00463	1	GGCA
GACT	NA	PBANKA_1146600	46	49	+	3.63918	0.00463	1	GGCA
GACT	NA	PBANKA_1300096	47	50	+	3.63918	0.00463	1	GGCA
GACT	NA	PBANKA_0100021	61	64	+	3.63918	0.00463	1	GGCA
GACT	NA	PBANKA_1400400	71	74	-	3.63918	0.00463	1	GGCA
GACT	NA	PBANKA_0836800	75	78	+	3.63918	0.00463	1	GGCA
GACT	NA	PBANKA_0317141	89	92	-	3.63918	0.00463	1	GGCA
GACT	NA	PBANKA_0837001	93	96	-	3.63918	0.00463	1	GGCA
GACT	NA	PBANKA_1200300	96	99	-	3.63918	0.00463	1	GGCA
GACT	NA	PBANKA_0317161	101	104	+	3.63918	0.00463	1	GGCA
GACT	NA	PBANKA_1200091	98	101	-	3.63918	0.00463	1	GGCA
GACT	NA	PBANKA_0200500	102	105	-	3.63918	0.00463	1	GGCA
GACT	NA	PBANKA_0112661	112	115	+	3.63918	0.00463	1	GGCA
GACT	NA	PBANKA_0800041	110	113	-	3.63918	0.00463	1	GGCA
GACT	NA	PBANKA_0700041	144	147	-	3.63918	0.00463	1	GGCA
GACT	NA	PBANKA_1146721	160	163	+	3.63918	0.00463	1	GGCA
GACT	NA	PBANKA_0837001	161	164	+	3.63918	0.00463	1	GGCA
GACT	NA	PBANKA_1300081	161	164	+	3.63918	0.00463	1	GGCA
GACT	NA	PBANKA_0836800	167	170	+	3.63918	0.00463	1	GGCA
GACT	NA	PBANKA_0943900	214	217	+	3.63918	0.00463	1	GGCA
GACT	NA	PBANKA_1400400	222	225	+	3.63918	0.00463	1	GGCA
GACT	NA	PBANKA_0317161	228	231	-	3.63918	0.00463	1	GGCA
GACT	NA	PBANKA_0100021	234	237	+	3.63918	0.00463	1	GGCA
GACT	NA	PBANKA_0112661	261	264	-	3.63918	0.00463	1	GGCA
GACT	NA	PBANKA_0215800	272	275	+	3.63918	0.00463	1	GGCA
GACT	NA	PBANKA_0400200	293	296	+	3.63918	0.00463	1	GGCA
GACT	NA	PBANKA_1146400	293	296	+	3.63918	0.00463	1	GGCA
GACT	NA	PBANKA_0317001	302	305	+	3.63918	0.00463	1	GGCA
GACT	NA	PBANKA_1136700	303	306	+	3.63918	0.00463	1	GGCA
GACT	NA	PBANKA_1040521	311	314	-	3.63918	0.00463	1	GGCA
GACT	NA	PBANKA_0400200	333	336	+	3.63918	0.00463	1	GGCA
GACT	NA	PBANKA_1146400	333	336	+	3.63918	0.00463	1	GGCA
GACT	NA	PBANKA_0837081	339	342	-	3.63918	0.00463	1	GGCA
GACT	NA	PBANKA_1246600	341	344	-	3.63918	0.00463	1	GGCA
GACT	NA	PBANKA_0600091	349	352	+	3.63918	0.00463	1	GGCA
GACT	NA	PBANKA_1300096	347	350	-	3.63918	0.00463	1	GGCA
GACT	NA	PBANKA_1365680	353	356	+	3.63918	0.00463	1	GGCA
GACT	NA	PBANKA_1040521	351	354	-	3.63918	0.00463	1	GGCA
GACT	NA	PBANKA_1200300	357	360	+	3.63918	0.00463	1	GGCA
GACT	NA	PBANKA_1246600	381	384	-	3.63918	0.00463	1	GGCA
GACT	NA	PBANKA_1300096	382	385	-	3.63918	0.00463	1	GGCA
GACT	NA	PBANKA_1146600	385	388	-	3.63918	0.00463	1	GGCA
GACT	NA	PBANKA_0317141	391	394	+	3.63918	0.00463	1	GGCA
GACT	NA	PBANKA_1040561	427	430	+	3.63918	0.00463	1	GGCA
GACT	NA	PBANKA_0600091	454	457	+	3.63918	0.00463	1	GGCA
GACT	NA	PBANKA_0944041	467	470	+	3.63918	0.00463	1	GGCA
GACT	NA	PBANKA_1136700	503	506	-	3.63918	0.00463	1	GGCA
GACT	NA	PBANKA_0215800	583	586	+	3.63918	0.00463	1	GGCA
GACT	NA	PBANKA_1300200	616	619	+	3.63918	0.00463	1	GGCA
GACT	NA	PBANKA_0700041	636	639	+	3.63918	0.00463	1	GGCA
GACT	NA	PBANKA_1300200	640	643	+	3.63918	0.00463	1	GGCA
GACT	NA	PBANKA_0944061	740	743	+	3.63918	0.00463	1	GGCA
GACT	NA	PBANKA_0400200	757	760	+	3.63918	0.00463	1	GGCA
GACT	NA	PBANKA_0944041	859	862	+	3.63918	0.00463	1	GGCA
GACT	NA	PBANKA_0317121	860	863	-	3.63918	0.00463	1	GGCA
GACT	NA	PBANKA_1300200	870	873	-	3.63918	0.00463	1	GGCA
GACT	NA	PBANKA_0317161	884	887	+	3.63918	0.00463	1	GGCA
GACT	NA	PBANKA_0944041	890	893	+	3.63918	0.00463	1	GGCA
GACT	NA	PBANKA_0112661	907	910	+	3.63918	0.00463	1	GGCA
GACT	NA	PBANKA_0216000	910	913	+	3.63918	0.00463	1	GGCA
GACT	NA	PBANKA_0837081	934	937	+	3.63918	0.00463	1	GGCA
GACT	NA	PBANKA_0216000	968	971	+	3.63918	0.00463	1	GGCA
GACT	NA	PBANKA_0112661	1009	1012	-	3.63918	0.00463	1	GGCA
GACT	NA	PBANKA_0837001	1019	1022	+	3.63918	0.00463	1	GGCA
GACT	NA	PBANKA_0943900	1026	1029	+	3.63918	0.00463	1	GGCA
GACT	NA	PBANKA_0317121	1038	1041	+	3.63918	0.00463	1	GGCA
GACT	NA	PBANKA_0500950	1075	1078	+	3.63918	0.00463	1	GGCA
GACT	NA	PBANKA_1400400	1076	1079	-	3.63918	0.00463	1	GGCA
GACT	NA	PBANKA_1146400	1093	1096	+	3.63918	0.00463	1	GGCA
GACT	NA	PBANKA_0836800	1159	1162	+	3.63918	0.00463	1	GGCA
GACT	NA	PBANKA_1146400	1192	1195	-	3.63918	0.00463	1	GGCA
GACT	NA	PBANKA_0837081	1256	1259	+	3.63918	0.00463	1	GGCA
GACT	NA	PBANKA_0317001	1281	1284	+	3.63918	0.00463	1	GGCA
GACT	NA	PBANKA_0722700	1282	1285	+	3.63918	0.00463	1	GGCA
GACT	NA	PBANKA_0700041	1304	1307	+	3.63918	0.00463	1	GGCA
GACT	NA	PBANKA_0837081	1302	1305	-	3.63918	0.00463	1	GGCA
GACT	NA	PBANKA_1136700	1333	1336	-	3.63918	0.00463	1	GGCA
GACT	NA	PBANKA_0400200	1390	1393	+	3.63918	0.00463	1	GGCA
GACT	NA	PBANKA_0317161	1394	1397	+	3.63918	0.00463	1	GGCA
GACT	NA	PBANKA_0400200	1422	1425	-	3.63918	0.00463	1	GGCA
GACT	NA	PBANKA_1465100	1427	1430	+	3.63918	0.00463	1	GGCA
GACT	NA	PBANKA_0317001	1437	1440	+	3.63918	0.00463	1	GGCA
GACT	NA	PBANKA_1146761	1465	1468	-	3.63918	0.00463	1	GGCA
GACT	NA	PBANKA_0943900	1465	1468	-	3.63918	0.00463	1	GGCA
